{"_id":{"$oid":"5c4fe1c17807054a4b6731d6"},"metadata":{"education":{"school":"UET","identity":"17020025","class":"CAC","generation":"K62"},"birthday":{"$date":"1999-01-20T17:00:00.000Z"},"email":"cottoncandysad123@gmail.com","name":"Pham Ngoc Hieu"},"username":"lightkuriboh","password":"abcxyz123","privilege":"boss","__v":0}
{"_id":{"$oid":"5c5599dcb2f52326adcc0e01"},"metadata":{"education":{"school":"CSP","identity":"17020052","class":"CC","generation":"K48"},"birthday":{"$date":"1999-01-03T17:00:00.000Z"},"email":"hekl0@gmail.com","name":"Bùi Đức Lộc"},"username":"hekl0","password":"abcxyz123","privilege":"minion","__v":0}
{"_id":{"$oid":"5c559a2eb2f52326adcc0e02"},"metadata":{"education":{"school":"UET","identity":"17020035","class":"CAC","generation":"K62"},"birthday":{"$date":"1999-09-05T17:00:00.000Z"},"email":"dmlocdmloc@gmail.com","name":"Nguyen Nhat Minh"},"username":"ilovebaongoc","password":"abcxyz123","privilege":"minion","__v":0}
